staffID,fName,lName,salary,workType,sectionID,riskClearence
1,Samuel,Le Galle,45000,general labour,1,1
2,Hettie,Jerzycowski,50000,kitchen,1,1
3,Merrie,Aronov,55000,general labour,1,1
4,Shawn,Keese,60000,general labour,1,1
5,Queenie,Shawdforth,65000,kitchen,1,1
6,Jandy,Kayser,70000,laundry,1,1
7,Callida,Dunne,75000,general labour,1,1
8,Mayne,Soda,80000,general labour,1,1
9,Jacinda,Galland,85000,laundry,1,1
10,Veronike,Kollach,90000,kitchen,1,1
11,Germain,Foxcroft,95000,laundry,1,1
12,Chrystel,Gorsse,100000,laundry,1,1
13,Jennilee,Dawson,105000,kitchen,1,1
14,Ariela,Dimmack,110000,general labour,1,1
15,Gerald,Rubinchik,115000,kitchen,1,1
16,Lilyan,Plewright,120000,general labour,1,1
17,Katrina,Fasson,49999,general labour,1,1
18,Stacy,Withringten,54999,kitchen,1,1
19,Wilma,Micka,59999,kitchen,1,1
20,Jesse,Cleminson,64999,kitchen,1,1
21,Dario,Dionisi,69999,kitchen,1,1
22,Bernadette,Duddle,74999,laundry,1,1
23,Sadie,Schulze,79999,general labour,1,1
24,Bern,Thomkins,84999,kitchen,1,1
25,Reggi,Tilmouth,89999,kitchen,1,1
26,Barb,Ostrich,94999,laundry,1,1
27,Gabby,Amy,99999,general labour,1,1
28,Darsie,Gilling,104999,general labour,1,1
29,Mart,Alldre,109999,laundry,1,1
30,Ivy,Lattie,114999,general labour,1,1
31,Fairleigh,Seton,119999,laundry,1,1
32,Lilyan,Autin,49998,kitchen,1,1
33,Katuscha,Gilfoyle,54998,kitchen,1,1
34,Pansie,Dron,59998,kitchen,1,1
35,Doralynn,Oldrey,64998,general labour,1,1
36,Rori,Seeger,69998,general labour,1,1
37,Lucien,Casel,74998,general labour,1,1
38,Maximo,Dobell,79998,kitchen,1,1
39,Whitman,Obington,84998,kitchen,1,1
40,Shana,Hawkwood,89998,general labour,1,1
41,Mitchael,Cornehl,94998,kitchen,1,1
42,Linnet,Nairns,99998,general labour,1,1
43,Hinda,Gosswell,104998,laundry,1,1
44,Boyd,Gillivrie,109998,general labour,1,1
45,Vere,Fairbrace,114998,kitchen,1,1
46,Josh,Careless,119998,general labour,1,1
47,Timmi,Fallow,49997,general labour,1,1
48,Renado,Stonhouse,54997,laundry,1,1
49,Eveleen,Prinne,59997,kitchen,1,1
50,Reilly,Firpi,64997,laundry,1,1
51,Sisely,Cattermole,69997,general labour,1,1
52,Cal,Ferrey,74997,kitchen,1,1
53,Deirdre,Espinas,79997,general labour,1,1
54,Wolfgang,Sefton,84997,kitchen,1,1
55,Brianna,Hillum,89997,kitchen,1,1
56,Alva,Fludder,94997,general labour,1,1
57,Brandy,Outlaw,99997,kitchen,1,1
58,Merle,Lunck,104997,laundry,1,1
59,Sax,Tyrrell,109997,kitchen,1,1
60,Darelle,Abramamovh,114997,general labour,1,1
61,Clark,Pobjoy,119997,general labour,1,1
62,Mattie,Bibb,49996,kitchen,1,1
63,Dorelle,Glackin,54996,laundry,1,1
64,Casi,Stanaway,59996,general labour,1,1
65,Simone,Bozier,64996,laundry,1,1
66,Kamila,Roberti,69996,general labour,1,1
67,Hansiain,Liddiatt,74996,kitchen,1,1
68,Norrie,Hinksen,79996,kitchen,1,1
69,Zerk,MacPaden,84996,laundry,1,1
70,Bobina,Tooby,89996,laundry,1,1
71,Jojo,Clery,94996,kitchen,1,1
72,Morgan,Sandeson,99996,general labour,1,1
73,Howey,Exton,104996,kitchen,1,1
74,Leoine,Gobourn,109996,general labour,1,1
75,Annette,Iannetti,114996,kitchen,1,1
76,Chilton,Bazelle,119996,general labour,1,1
77,Curr,Bortolomei,49995,kitchen,1,1
78,Elyn,Scurr,54995,laundry,1,1
79,Tobias,Forbes,59995,kitchen,1,1
80,Christian,Wesgate,64995,kitchen,1,1
81,Connie,Sonley,69995,general labour,1,1
82,Nahum,Windless,74995,general labour,1,1
83,Elsbeth,Dillintone,79995,laundry,1,1
84,Aimee,Clements,84995,general labour,1,1
85,Donica,Mc Harg,89995,general labour,1,1
86,Raynard,Morteo,94995,general labour,1,1
87,Niven,Henningham,99995,general labour,1,1
88,Annmarie,Clemens,104995,general labour,1,1
89,Bradan,Cromar,109995,kitchen,1,1
90,Benni,McMennum,114995,laundry,1,1
91,Miguel,Pethybridge,119995,kitchen,1,1
92,Porty,Stolz,49994,laundry,1,1
93,Dyanne,Vanin,54994,general labour,1,1
94,Nikolai,Mearing,59994,general labour,1,1
95,Karl,Hawgood,64994,general labour,1,1
96,Selma,Jollye,69994,kitchen,1,1
97,Morgen,Vanlint,74994,kitchen,1,1
98,Maressa,Gress,79994,laundry,1,1
99,Basilius,Stangoe,84994,general labour,1,1
100,Marsiella,Ciccotti,89994,laundry,1,1
101,Gaven,Egginton,94994,general labour,1,1
102,Virginie,Corradino,99994,general labour,1,1
103,Taddeusz,Caulcutt,104994,kitchen,1,1
104,Cinderella,Gonthier,109994,kitchen,1,1
105,Kane,Tudgay,114994,laundry,1,1
106,Cass,Ather,119994,kitchen,1,1
107,Willard,Dibdall,49993,general labour,1,1
108,Aloise,Ingerfield,54993,kitchen,1,1
109,Terese,McGaugie,59993,laundry,1,1
110,Brooks,Greenall,64993,laundry,1,1
111,Kelby,Purle,69993,laundry,1,1
112,Hayward,Sharpless,74993,kitchen,1,1
113,Nicola,Passler,79993,laundry,1,1
114,Hugh,Tomisch,84993,laundry,1,1
115,Xaviera,Greenin,89993,general labour,1,1
116,Dorrie,Girodin,94993,kitchen,1,1
117,Germain,Hause,99993,general labour,1,1
118,Augie,Caudwell,104993,general labour,1,1
119,Sheeree,Cheke,109993,general labour,1,1
120,Katharine,Tranmer,114993,kitchen,1,1
121,Brent,Boulder,119993,kitchen,1,1
122,Dall,Schmuhl,49992,laundry,1,1
123,Courtenay,Braidman,54992,kitchen,1,1
124,Livy,Marchington,59992,kitchen,1,1
125,Andriana,Yitzovitz,64992,general labour,1,1
126,Christiano,Flecknoe,69992,laundry,1,1
127,Ricki,Farran,74992,general labour,1,1
128,Ursulina,Brecknell,79992,general labour,1,1
129,Benedikta,Biggs,84992,laundry,1,1
130,Hyacinth,Licence,89992,laundry,1,1
131,Del,Mursell,94992,general labour,1,1
132,Estrella,Jiruca,99992,kitchen,1,1
133,Thaxter,Belin,104992,laundry,1,1
134,Sly,Charkham,109992,laundry,1,1
135,Wyndham,Dray,114992,laundry,1,1
136,Joli,Laddle,119992,general labour,1,1
137,Wilburt,Sheraton,49991,kitchen,1,1
138,Sim,Dumbrell,54991,general labour,1,1
139,Austin,Francello,59991,kitchen,1,1
140,Selestina,Renault,64991,kitchen,1,1
141,Gasper,Stealfox,69991,kitchen,1,1
142,Hana,Kingscott,74991,general labour,1,1
143,Glynis,Bronger,79991,kitchen,1,1
144,Berry,Ransom,84991,laundry,1,1
145,Lind,Khalid,89991,laundry,1,1
146,Katherine,Leet,94991,general labour,1,1
147,Claire,Bougourd,99991,laundry,1,1
148,Edan,Marchi,104991,general labour,1,1
149,Scarlet,Rendle,109991,laundry,1,1
150,Tynan,Suermeier,114991,kitchen,1,1
151,Vitoria,Bailie,119991,kitchen,1,1
152,Sigismond,Roughsedge,49990,laundry,1,1
153,Gaylene,Lowder,54990,laundry,1,1
154,Angelle,Giovannilli,59990,laundry,1,1
155,Onfroi,Croker,64990,kitchen,1,1
156,Olag,MacKenny,69990,general labour,1,1
157,Quinton,Alldread,74990,general labour,1,1
158,Arline,Ayres,79990,laundry,1,1
159,Andromache,Vertey,84990,kitchen,1,1
160,Germain,Clemintoni,89990,general labour,1,1
161,Torrin,Wellstead,94990,general labour,2,2
162,Timotheus,Riolfi,99990,laundry,2,2
163,Katharina,Tirkin,104990,general labour,2,2
164,Obed,Oakenfield,109990,general labour,2,2
165,Jed,Ffoulkes,114990,general labour,2,2
166,Hedy,McWard,119990,laundry,2,2
167,Adey,Everard,49989,general labour,2,2
168,Tonnie,Beetlestone,54989,general labour,2,2
169,Greg,Leetham,59989,general labour,2,2
170,Olimpia,Beavington,64989,general labour,2,2
171,Esta,Lindback,69989,laundry,2,2
172,Andrey,Tremellier,74989,general labour,2,2
173,Clerissa,Faulconbridge,79989,general labour,2,2
174,Demetrius,Kliment,84989,general labour,2,2
175,Juan,Dron,89989,general labour,2,2
176,Olivette,Cammiemile,94989,laundry,2,2
177,Celinda,Frith,99989,laundry,2,2
178,Fara,Jaouen,104989,general labour,2,2
179,Iorgos,Tomek,109989,kitchen,2,2
180,Barbara-anne,Mart,114989,kitchen,2,2
181,Taber,Boys,119989,laundry,2,2
182,Martino,Willerstone,49988,laundry,2,2
183,Fernando,Micka,54988,kitchen,2,2
184,Tiffany,Ashelford,59988,kitchen,2,2
185,Stevana,Pratley,64988,general labour,2,2
186,Ford,Gateshill,69988,laundry,2,2
187,Gusella,Hollow,74988,kitchen,2,2
188,Barbe,Angear,79988,laundry,2,2
189,Merle,Gullifant,84988,general labour,2,2
190,Ruthi,Alderman,89988,laundry,2,2
191,Tommie,Caulliere,94988,general labour,2,2
192,Roana,McAnalley,99988,general labour,2,2
193,Stephannie,Jauncey,104988,kitchen,2,2
194,Sigismundo,Shaxby,109988,laundry,2,2
195,Rebecca,Dreamer,114988,laundry,2,2
196,Jacenta,Mirfin,119988,general labour,2,2
197,Hollyanne,Whoston,49987,general labour,2,2
198,Celestyna,Forrestill,54987,general labour,2,2
199,Cris,Seller,59987,laundry,2,2
200,Desi,Skirving,64987,laundry,2,2
201,Stafford,Whatling,69987,general labour,2,2
202,Riccardo,Leare,74987,laundry,2,2
203,Raymond,Croker,79987,kitchen,2,2
204,Bendicty,Clayhill,84987,laundry,2,2
205,Carce,Coventry,89987,general labour,2,2
206,Dalenna,Scarlett,94987,kitchen,2,2
207,Sheba,Jorczyk,99987,laundry,2,2
208,Kikelia,Heberden,104987,general labour,2,2
209,Uriel,Rootham,109987,laundry,2,2
210,Anthea,Roote,114987,kitchen,2,2
211,Erskine,Breawood,119987,kitchen,2,2
212,Willy,Saundercock,49986,laundry,2,2
213,Gaven,Maskill,54986,general labour,2,2
214,Debera,Braisby,59986,general labour,2,2
215,Frankie,Acheson,64986,kitchen,2,2
216,Lindy,Aizkovitch,69986,laundry,2,2
217,Ashbey,Lovering,74986,general labour,2,2
218,Donielle,McGiffin,79986,laundry,2,2
219,Marjie,Balhatchet,84986,laundry,2,2
220,Tami,Scini,89986,kitchen,2,2
221,Alexei,Ganford,94986,kitchen,2,2
222,Elissa,Doers,99986,general labour,2,2
223,Glynn,Guerrero,104986,general labour,2,2
224,Sophey,Gianuzzi,109986,laundry,2,2
225,Perice,Gallehock,114986,general labour,2,2
226,Frayda,Levesley,119986,kitchen,2,2
227,Guillemette,Edess,49985,general labour,2,2
228,Gennie,MacFall,54985,laundry,2,2
229,Harwilll,Wipfler,59985,general labour,2,2
230,Chantal,Brandino,64985,general labour,2,2
231,Angelle,Seabright,69985,general labour,2,2
232,Valida,Antal,74985,laundry,2,2
233,Jolee,Arden,79985,general labour,2,2
234,Vevay,Sima,84985,laundry,2,2
235,Leeann,Woollacott,89985,general labour,2,2
236,Lana,Rayner,94985,general labour,2,2
237,Marya,Murrhardt,99985,kitchen,2,2
238,Turner,Parlor,104985,kitchen,2,2
239,Kally,Ellaman,109985,kitchen,2,2
240,Pavla,Marginson,114985,general labour,2,2
241,Bambie,Pirdue,119985,laundry,2,2
242,Vachel,Fobidge,49984,laundry,2,2
243,Eadmund,Cottis,54984,kitchen,2,2
244,Will,Nani,59984,laundry,2,2
245,Caroline,Baldack,64984,kitchen,2,2
246,Berkly,Mitro,69984,kitchen,2,2
247,Whittaker,Bischop,74984,laundry,2,2
248,Addy,Jelley,79984,general labour,2,2
249,Lewes,Barg,84984,laundry,2,2
250,Portia,Merrall,89984,general labour,2,2
251,Avril,Poinsett,94984,kitchen,2,2
252,Collette,Owers,99984,general labour,2,2
253,Val,Rolstone,104984,general labour,2,2
254,Levy,Papworth,109984,general labour,2,2
255,Estell,Petley,114984,kitchen,2,2
256,Doralia,Dalziel,119984,kitchen,2,2
257,Alleen,Christauffour,49983,general labour,2,2
258,Kaila,Ferrelli,54983,general labour,2,2
259,Michel,Hearsey,59983,laundry,2,2
260,Ethe,Whisker,64983,kitchen,2,2
261,Lionel,Jaycox,69983,laundry,2,2
262,Esra,Seagood,74983,kitchen,2,2
263,Kati,Robatham,79983,kitchen,2,2
264,Anders,Killby,84983,kitchen,2,2
265,Amalea,Corfield,89983,kitchen,2,2
266,Waylon,Butrimovich,94983,kitchen,2,2
267,Keir,Kas,99983,kitchen,2,2
268,Elliott,Lanchberry,104983,kitchen,2,2
269,Roanne,Urling,109983,laundry,2,2
270,Althea,Davidovich,114983,kitchen,2,2
271,Jake,Fegan,119983,general labour,2,2
272,Vi,Maestrini,49982,general labour,2,2
273,Claudine,Braid,54982,laundry,2,2
274,Nikki,Cleaton,59982,laundry,2,2
275,Shara,Baudry,64982,general labour,2,2
276,Georgette,Sans,69982,laundry,2,2
277,Coletta,Bute,74982,laundry,2,2
278,Jeni,Sharrier,79982,laundry,2,2
279,Evaleen,Joao,84982,laundry,2,2
280,Gun,Edmons,89982,general labour,2,2
281,Lance,Mose,94982,kitchen,2,2
282,Hanna,Defraine,99982,laundry,2,2
283,Maddie,Walshaw,104982,laundry,2,2
284,Anni,Lepper,109982,kitchen,2,2
285,Zebadiah,Byk,114982,kitchen,2,2
286,Nico,Parnell,119982,kitchen,2,2
287,Calypso,Goad,49981,kitchen,2,2
288,Lock,Papps,54981,kitchen,2,2
289,Gustave,Mosedale,59981,general labour,2,2
290,Sylvan,Ragge,64981,general labour,2,2
291,Gertrud,Darnbrough,69981,general labour,2,2
292,Shayne,Adnams,74981,kitchen,2,2
293,Matthus,Woodard,79981,laundry,2,2
294,Felicity,Crombleholme,84981,general labour,2,2
295,Deonne,Spalding,89981,laundry,2,2
296,Artemus,Parsand,94981,kitchen,2,2
297,Sula,Darque,99981,kitchen,2,2
298,Nalani,Glenister,104981,laundry,2,2
299,Jo-anne,Rastrick,109981,kitchen,2,2
300,Jeannette,MacGow,114981,kitchen,2,2
301,Prentice,Glassman,119981,kitchen,2,2
302,Cherlyn,Fever,49980,general labour,2,2
303,Cami,Joubert,54980,laundry,2,2
304,Odell,Bridger,59980,kitchen,2,2
305,Carolyne,Haistwell,64980,kitchen,2,2
306,Jamill,Cosin,69980,kitchen,2,2
307,Frasquito,Midlane,74980,laundry,2,2
308,Rakel,Selvey,79980,laundry,2,2
309,Jackson,Jeffryes,84980,laundry,2,2
310,Kennie,Reggio,89980,kitchen,2,2
311,Gillan,Spileman,94980,kitchen,2,2
312,Lilian,Spadaro,99980,laundry,2,2
313,Caye,Sproston,104980,general labour,2,2
314,Carolina,Clunie,109980,kitchen,2,2
315,Adah,Lauxmann,114980,general labour,2,2
316,Tanny,Kopmann,119980,laundry,2,2
317,Giff,Kenington,49979,laundry,2,2
318,Jacklin,Seager,54979,laundry,2,2
319,Marta,Fautly,59979,general labour,2,2
320,Janetta,Teasey,64979,kitchen,2,2
321,Conroy,Matteuzzi,69979,kitchen,3,3
322,Adeline,Ebsworth,74979,laundry,3,3
323,Arden,Tuiller,79979,kitchen,3,3
324,Lemmie,Arthur,84979,general labour,3,3
325,Maxine,Pote,89979,kitchen,3,3
326,Zenia,Gallichan,94979,kitchen,3,3
327,Giorgia,Pasquale,99979,general labour,3,3
328,Rourke,Climar,104979,general labour,3,3
329,Jillie,Bogays,109979,laundry,3,3
330,Keelby,Christene,114979,general labour,3,3
331,Chad,Lamp,119979,kitchen,3,3
332,Nellie,Ferriday,49978,general labour,3,3
333,Robenia,Hext,54978,laundry,3,3
334,Jasmina,Riolfi,59978,kitchen,3,3
335,Evelin,Verbeke,64978,general labour,3,3
336,Virge,Jonas,69978,kitchen,3,3
337,Carlie,Mellem,74978,laundry,3,3
338,Dav,Vaneev,79978,kitchen,3,3
339,Arch,Brocket,84978,kitchen,3,3
340,Giorgi,Sykes,89978,kitchen,3,3
341,Cassi,Passie,94978,general labour,3,3
342,Barnard,Chadwick,99978,general labour,3,3
343,Alexis,Whebell,104978,laundry,3,3
344,Morgen,Klimuk,109978,general labour,3,3
345,Gertrud,Kemwall,114978,laundry,3,3
346,Jerad,Tripean,119978,general labour,3,3
347,Corty,Casa,49977,laundry,3,3
348,Nikola,Roarty,54977,laundry,3,3
349,Maia,Pepys,59977,kitchen,3,3
350,Keen,Bartolomeo,64977,general labour,3,3
351,Olly,Decker,69977,kitchen,3,3
352,Albina,Ryhorovich,74977,kitchen,3,3
353,Almire,Gaunson,79977,general labour,3,3
354,Rosita,Goodwill,84977,kitchen,3,3
355,Minerva,Shawe,89977,laundry,3,3
356,Bessie,Iseton,94977,kitchen,3,3
357,Burty,Bartaloni,99977,kitchen,3,3
358,Karlie,Sturch,104977,laundry,3,3
359,Lanny,Branche,109977,general labour,3,3
360,Vance,Philipsohn,114977,laundry,3,3
361,Caroljean,Headrick,119977,general labour,3,3
362,Muffin,Howe,49976,general labour,3,3
363,Corabelle,Manjin,54976,laundry,3,3
364,Adelind,Hardingham,59976,laundry,3,3
365,Diarmid,Perez,64976,laundry,3,3
366,Caralie,Barnardo,69976,general labour,3,3
367,Lise,Ridewood,74976,general labour,3,3
368,Abeu,Goade,79976,kitchen,3,3
369,Lenna,Crabtree,84976,laundry,3,3
370,Ford,Glennard,89976,laundry,3,3
371,Angelico,Shoute,94976,laundry,3,3
372,Ophelia,Carabet,99976,laundry,3,3
373,Glendon,Vallack,104976,general labour,3,3
374,Monte,Berard,109976,laundry,3,3
375,Amandi,Locke,114976,kitchen,3,3
376,Eziechiele,Heritege,119976,general labour,3,3
377,Kiley,Querree,49975,general labour,3,3
378,Walton,Dreinan,54975,general labour,3,3
379,Bran,Luck,59975,kitchen,3,3
380,Kelby,Wollrauch,64975,laundry,3,3
381,Kizzie,Tourot,69975,general labour,3,3
382,Rozelle,Van Schafflaer,74975,general labour,3,3
383,Bryon,Billanie,79975,general labour,3,3
384,Ilene,Danilovich,84975,general labour,3,3
385,Donni,Calderwood,89975,kitchen,3,3
386,Hesther,Besemer,94975,kitchen,3,3
387,Lennie,Skyme,99975,kitchen,3,3
388,Gaylord,Lowrey,104975,laundry,3,3
389,Jaynell,Warin,109975,general labour,3,3
390,Delly,Gouck,114975,general labour,3,3
391,Nicole,Percy,119975,general labour,3,3
392,Ashlee,Klejin,49974,kitchen,3,3
393,Melisa,McIleen,54974,general labour,3,3
394,Xena,Hexter,59974,laundry,3,3
395,Gates,Simkovich,64974,kitchen,3,3
396,Ermin,Shawl,69974,laundry,3,3
397,Chickie,Ensor,74974,kitchen,3,3
398,Burgess,Kinnock,79974,kitchen,3,3
399,Bee,Laise,84974,laundry,3,3
400,Dur,Ladbrooke,89974,laundry,3,3
401,Jermaine,Meron,94974,general labour,3,3
402,Audrie,Maltman,99974,laundry,3,3
403,Micky,Yearne,104974,laundry,3,3
404,Rand,Tweddell,109974,general labour,3,3
405,Kenyon,Coldman,114974,laundry,3,3
406,Lorry,Scrine,119974,kitchen,3,3
407,Kikelia,Gilliver,49973,kitchen,3,3
408,Ingrim,Guilloneau,54973,laundry,3,3
409,Elihu,Vernay,59973,general labour,3,3
410,Lionello,Swinfon,64973,general labour,3,3
411,Sheena,Seggie,69973,laundry,3,3
412,Emmery,Dat,74973,laundry,3,3
413,Kellina,Powland,79973,laundry,3,3
414,Tamarra,Jorczyk,84973,kitchen,3,3
415,Cosetta,Cowles,89973,laundry,3,3
416,Swen,Attwoull,94973,laundry,3,3
417,Hayley,Beckett,99973,kitchen,3,3
418,Andras,Perch,104973,laundry,3,3
419,Bekki,Pulster,109973,laundry,3,3
420,Kristofer,Sprosson,114973,laundry,3,3
421,Cole,Cubbini,119973,kitchen,3,3
422,Abba,Witchell,49972,general labour,3,3
423,Flory,Kestian,54972,laundry,3,3
424,Laurence,Casina,59972,kitchen,3,3
425,Shane,Mulhall,64972,kitchen,3,3
426,Emmaline,Swede,69972,kitchen,3,3
427,Pepita,Sissot,74972,kitchen,3,3
428,Vince,Buddell,79972,laundry,3,3
429,Robin,Belhomme,84972,general labour,3,3
430,Bryna,Drugan,89972,laundry,3,3
431,Kori,Fulkes,94972,laundry,3,3
432,Tessa,Edgeller,99972,laundry,3,3
433,Annabela,Duckels,104972,kitchen,3,3
434,Jordana,Woodcroft,109972,laundry,3,3
435,Lydia,Patise,114972,general labour,3,3
436,Berk,Garm,119972,laundry,3,3
437,Quillan,O'Hengerty,49971,laundry,3,3
438,Yovonnda,Lynd,54971,general labour,3,3
439,Clemens,Sushams,59971,general labour,3,3
440,Dino,Penwarden,64971,general labour,3,3
441,Kip,Tench,69971,general labour,3,3
442,Aurilia,Deeney,74971,kitchen,3,3
443,Frederica,Clawley,79971,laundry,3,3
444,Carroll,Bonevant,84971,kitchen,3,3
445,Madalyn,Baine,89971,kitchen,3,3
446,Ferdy,Reede,94971,laundry,3,3
447,Yale,Matula,99971,laundry,3,3
448,Agace,Vaillant,104971,laundry,3,3
449,Amby,Dawnay,109971,laundry,3,3
450,Leon,Santori,114971,kitchen,3,3
451,Mariam,Cratchley,119971,general labour,3,3
452,Siobhan,Jillis,49970,general labour,3,3
453,Elsie,Peddowe,54970,kitchen,3,3
454,Ula,Gillet,59970,laundry,3,3
455,Marc,Dalling,64970,kitchen,3,3
456,Kienan,Walkling,69970,general labour,3,3
457,Bran,Folini,74970,laundry,3,3
458,Hildegarde,O'Mahoney,79970,laundry,3,3
459,Claudio,Witchalls,84970,kitchen,3,3
460,Kim,Sambidge,89970,general labour,3,3
461,Ursulina,Chorley,94970,kitchen,3,3
462,Marrilee,Goburn,99970,laundry,3,3
463,Elysia,Yurov,104970,laundry,3,3
464,Etty,Eaglen,109970,laundry,3,3
465,Hetti,Biggin,114970,kitchen,3,3
466,Jamima,Scorer,119970,kitchen,3,3
467,Janela,Wailes,49969,laundry,3,3
468,Lelah,Kitcat,54969,general labour,3,3
469,Noe,Bentjens,59969,general labour,3,3
470,Gloria,Gautrey,64969,laundry,3,3
471,Candide,Owers,69969,laundry,3,3
472,Gal,Verralls,74969,kitchen,3,3
473,Darleen,Luttgert,79969,kitchen,3,3
474,Stanislaus,Braxay,84969,general labour,3,3
475,Penelopa,Sobtka,89969,laundry,3,3
476,Eydie,Mandrier,94969,laundry,3,3
477,Pavia,Poyner,99969,kitchen,3,3
478,Lisha,Wellbank,104969,kitchen,3,3
479,Carolann,Galliver,109969,kitchen,3,3
480,Hartwell,Fairnie,114969,kitchen,3,3
481,Currey,Crumby,119969,general labour,4,4
482,Georgette,Wisden,49968,general labour,4,4
483,Orly,Haspineall,54968,kitchen,4,4
484,Michele,Facey,59968,kitchen,4,4
485,Garland,Villar,64968,general labour,4,4
486,Kally,Shank,69968,general labour,4,4
487,Zorina,Pilipets,74968,kitchen,4,4
488,Coraline,De Hooge,79968,general labour,4,4
489,Bess,Bortoletti,84968,general labour,4,4
490,Aldin,Woolger,89968,kitchen,4,4
491,Arin,Gummer,94968,general labour,4,4
492,Hernando,Legrand,99968,general labour,4,4
493,Vitia,Mellodey,104968,general labour,4,4
494,Car,Bridell,109968,kitchen,4,4
495,Jacquie,Cardus,114968,laundry,4,4
496,Brinn,Doncom,119968,general labour,4,4
497,Winonah,Corr,49967,general labour,4,4
498,Jammie,Pettman,54967,kitchen,4,4
499,Celinda,Lunn,59967,kitchen,4,4
500,Gilemette,Jaffrey,64967,laundry,4,4
501,Cindra,Ealles,69967,laundry,4,4
502,Gustav,O'Fihillie,74967,laundry,4,4
503,Salaidh,D'Hooghe,79967,kitchen,4,4
504,Alli,Selland,84967,laundry,4,4
505,Priscella,Blackly,89967,laundry,4,4
506,Constantine,Reckhouse,94967,kitchen,4,4
507,Albina,McHarry,99967,general labour,4,4
508,Miguel,Benjafield,104967,laundry,4,4
509,Jdavie,Ayshford,109967,laundry,4,4
510,Agathe,Paradin,114967,general labour,4,4
511,Helsa,Zamorano,119967,kitchen,4,4
512,Lazaro,Stollenberg,49966,general labour,4,4
513,Terrence,Giacomucci,54966,laundry,4,4
514,Aigneis,Hunsworth,59966,kitchen,4,4
515,Adoree,Grubey,64966,general labour,4,4
516,Melli,Verdon,69966,general labour,4,4
517,Whitney,Ast,74966,general labour,4,4
518,Albina,Olennikov,79966,kitchen,4,4
519,Jammal,Minton,84966,kitchen,4,4
520,Penny,Hassett,89966,laundry,4,4
521,Katina,Haddock,94966,general labour,4,4
522,Benetta,Reilingen,99966,laundry,4,4
523,Shelden,Mildenhall,104966,laundry,4,4
524,Corilla,Lemmanbie,109966,laundry,4,4
525,Kassi,Fellgatt,114966,kitchen,4,4
526,Thomas,Cade,119966,laundry,4,4
527,Alisha,Andreev,49965,kitchen,4,4
528,Garry,Borwick,54965,laundry,4,4
529,Frank,Wastall,59965,laundry,4,4
530,Adrea,Motion,64965,laundry,4,4
531,Jordan,Kerbler,69965,kitchen,4,4
532,Farris,Ericsson,74965,laundry,4,4
533,Nil,Chaplin,79965,laundry,4,4
534,Joly,Dearan,84965,general labour,4,4
535,Pincus,Cherm,89965,kitchen,4,4
536,Catharina,Freddi,94965,general labour,4,4
537,Janifer,Saunton,99965,general labour,4,4
538,Natassia,Hurdedge,104965,general labour,4,4
539,Willamina,Dumberrill,109965,kitchen,4,4
540,Tildy,Gaber,114965,laundry,4,4
541,Winnie,Lynskey,119965,kitchen,4,4
542,Colet,Andersch,49964,kitchen,4,4
543,Bendix,Gallgher,54964,laundry,4,4
544,Zilvia,Ovesen,59964,laundry,4,4
545,June,Ewbank,64964,general labour,4,4
546,Conny,Watmore,69964,general labour,4,4
547,Reinaldo,Jevons,74964,kitchen,4,4
548,Waverly,Scanterbury,79964,general labour,4,4
549,Pate,Bearns,84964,kitchen,4,4
550,Giulietta,Westrope,89964,general labour,4,4
551,Alaster,Doret,94964,laundry,4,4
552,Cora,Opie,99964,laundry,4,4
553,Lyn,Wysome,104964,laundry,4,4
554,Sigismond,Woollcott,109964,kitchen,4,4
555,Colin,Cream,114964,laundry,4,4
556,Petrina,Rodell,119964,kitchen,4,4
557,Margot,Dyster,49963,general labour,4,4
558,Gail,Wildish,54963,laundry,4,4
559,Dennison,Bonsul,59963,kitchen,4,4
560,Avigdor,Greet,64963,laundry,4,4
561,Gleda,Moran,69963,general labour,4,4
562,Cobb,Keach,74963,kitchen,4,4
563,Isak,Cantu,79963,general labour,4,4
564,Celle,Bram,84963,kitchen,4,4
565,Ethelred,Dummett,89963,kitchen,4,4
566,Marcile,Jonin,94963,laundry,4,4
567,Betti,Yakovl,99963,kitchen,4,4
568,Twyla,Iacavone,104963,general labour,4,4
569,Iris,Loudwell,109963,kitchen,4,4
570,Ethelda,Clift,114963,general labour,4,4
571,Shawnee,Merigeau,119963,general labour,4,4
572,Kenton,Woollin,49962,general labour,4,4
573,Letty,Swaby,54962,kitchen,4,4
574,Rusty,Hugli,59962,laundry,4,4
575,Maggy,Gauch,64962,kitchen,4,4
576,Costa,Petrakov,69962,laundry,4,4
577,Marsh,Alaway,74962,general labour,4,4
578,Catherine,Sinyard,79962,general labour,4,4
579,Emelina,Beushaw,84962,kitchen,4,4
580,Shaw,Watling,89962,laundry,4,4
581,Krysta,Czaja,94962,kitchen,4,4
582,Ashlen,Carletti,99962,laundry,4,4
583,Crawford,Wawer,104962,kitchen,4,4
584,Vanda,Walework,109962,general labour,4,4
585,Mallissa,Corradengo,114962,general labour,4,4
586,Dollie,Keenlayside,119962,general labour,4,4
587,Evelyn,Stickney,49961,laundry,4,4
588,Casar,Hannigan,54961,kitchen,4,4
589,Myrtice,Blunsom,59961,laundry,4,4
590,Ashlen,Forward,64961,kitchen,4,4
591,Pam,Fresson,69961,laundry,4,4
592,Callean,Matej,74961,kitchen,4,4
593,Gertrudis,Brandreth,79961,laundry,4,4
594,Jillana,Rupp,84961,laundry,4,4
595,Greer,Divisek,89961,kitchen,4,4
596,Lorine,Doe,94961,kitchen,4,4
597,Marcel,Coskerry,99961,laundry,4,4
598,Wesley,Vogl,104961,general labour,4,4
599,Shermy,Kairns,109961,kitchen,4,4
600,Ardith,Heed,114961,kitchen,4,4
601,Leicester,Tillard,119961,kitchen,4,4
602,Jaquenetta,Sodeau,49960,laundry,4,4
603,Fremont,Reddington,54960,laundry,4,4
604,Muffin,Jerschke,59960,general labour,4,4
605,Rhetta,Killick,64960,general labour,4,4
606,Symon,Allkins,69960,laundry,4,4
607,Cissiee,Crumby,74960,laundry,4,4
608,Mark,Hoonahan,79960,laundry,4,4
609,Thorndike,Megany,84960,general labour,4,4
610,Carmelle,Maymand,89960,kitchen,4,4
611,Polly,Zecchii,94960,general labour,4,4
612,Clareta,Neath,99960,general labour,4,4
613,Berte,Edelheit,104960,kitchen,4,4
614,Joshua,Maciunas,109960,laundry,4,4
615,Griz,Torri,114960,laundry,4,4
616,Nowell,Giannassi,119960,laundry,4,4
617,Patience,Jerzykiewicz,49959,laundry,4,4
618,Hattie,Durber,54959,kitchen,4,4
619,Marty,Cardew,59959,kitchen,4,4
620,Ignazio,Milkeham,64959,general labour,4,4
621,Jannelle,Crankshaw,69959,general labour,4,4
622,Corey,Nerne,74959,kitchen,4,4
623,Judie,Gane,79959,general labour,4,4
624,Merrile,Espinazo,84959,general labour,4,4
625,Blakelee,Lorenzo,89959,laundry,4,4
626,Glenna,Varley,94959,general labour,4,4
627,Yale,Wessell,99959,general labour,4,4
628,Enrique,Rabjohn,104959,kitchen,4,4
629,Calypso,Sallery,109959,laundry,4,4
630,Meier,Gainfort,114959,laundry,4,4
631,Durant,Hastwell,119959,kitchen,4,4
632,Luise,McGilbon,49958,laundry,4,4
633,Leilah,Nutter,54958,laundry,4,4
634,Jehanna,Wrightam,59958,kitchen,4,4
635,Edythe,Truitt,64958,kitchen,4,4
636,Cleve,Pickrill,69958,kitchen,4,4
637,Berkie,Lapere,74958,general labour,4,4
638,Anson,Offer,79958,general labour,4,4
639,Rosco,Applin,84958,general labour,4,4
640,Danice,Putt,89958,general labour,4,4
641,Arabele,Clowes,94958,general labour,5,5
642,Odelle,O'Fihily,99958,general labour,5,5
643,Jesse,Steart,104958,general labour,5,5
644,Anica,Gawkes,109958,laundry,5,5
645,Danica,Bernardelli,114958,general labour,5,5
646,Caroline,de Amaya,119958,laundry,5,5
647,Hebert,Gurry,49957,laundry,5,5
648,Darryl,Turnock,54957,laundry,5,5
649,Gery,St Ledger,59957,kitchen,5,5
650,Minette,Taylour,64957,general labour,5,5
651,Ailis,Snasel,69957,kitchen,5,5
652,Brenda,Gabby,74957,general labour,5,5
653,Gayle,Brompton,79957,laundry,5,5
654,Susana,Leversha,84957,general labour,5,5
655,Charlean,Tackett,89957,kitchen,5,5
656,Calli,Hincks,94957,general labour,5,5
657,Nessi,Edmand,99957,general labour,5,5
658,Modesta,Clappison,104957,general labour,5,5
659,Ban,Cruft,109957,kitchen,5,5
660,Bernadette,Yoakley,114957,kitchen,5,5
661,Del,Perillio,119957,kitchen,5,5
662,Loydie,Battram,49956,laundry,5,5
663,Corrianne,Findlater,54956,general labour,5,5
664,Christoph,Belloch,59956,kitchen,5,5
665,Selby,Bockin,64956,kitchen,5,5
666,Gilemette,Smith,69956,general labour,5,5
667,Perry,Curzey,74956,laundry,5,5
668,Emmalee,Sanzio,79956,laundry,5,5
669,Nickie,Lackington,84956,general labour,5,5
670,Goddard,Domnick,89956,laundry,5,5
671,Cord,Reyner,94956,general labour,5,5
672,Jerald,Gemnett,99956,general labour,5,5
673,Witty,Wark,104956,general labour,5,5
674,Allistir,Jozefiak,109956,general labour,5,5
675,Sabra,Wickenden,114956,laundry,5,5
676,Marilyn,Dyke,119956,general labour,5,5
677,Inger,Docharty,49955,kitchen,5,5
678,Rebecka,Radin,54955,kitchen,5,5
679,Maryanna,Langtry,59955,laundry,5,5
680,Pascale,Dilloway,64955,general labour,5,5
681,Dorella,Epinay,69955,kitchen,5,5
682,Almeria,Filinkov,74955,general labour,5,5
683,Donnell,Jobes,79955,laundry,5,5
684,Tedmund,Nassau,84955,laundry,5,5
685,Toma,Pedlow,89955,general labour,5,5
686,Karlyn,Eite,94955,kitchen,5,5
687,Alf,Juggins,99955,general labour,5,5
688,Archambault,Frewer,104955,general labour,5,5
689,Olly,Salvador,109955,kitchen,5,5
690,Lanny,Shatliff,114955,kitchen,5,5
691,Frasco,Battershall,119955,general labour,5,5
692,Gal,Mordaunt,49954,kitchen,5,5
693,Antoinette,Gohn,54954,general labour,5,5
694,Rosita,Wallworth,59954,kitchen,5,5
695,Charleen,Rubie,64954,laundry,5,5
696,Kore,Coslett,69954,general labour,5,5
697,Alley,Neasam,74954,laundry,5,5
698,Kirby,Pleager,79954,general labour,5,5
699,Rhianna,Walbrun,84954,general labour,5,5
700,Peyton,Deam,89954,laundry,5,5
701,Glenden,Faires,94954,general labour,5,5
702,Sibylla,O'Flannery,99954,kitchen,5,5
703,Jodi,Merryfield,104954,kitchen,5,5
704,Benoit,Atlay,109954,laundry,5,5
705,Jenna,Boyton,114954,kitchen,5,5
706,Stanwood,Rounds,119954,kitchen,5,5
707,Melba,Bottrill,49953,laundry,5,5
708,Paolo,Ferrillo,54953,general labour,5,5
709,Thorsten,Croshaw,59953,general labour,5,5
710,Gamaliel,Ianniello,64953,kitchen,5,5
711,Phylys,Bayliss,69953,kitchen,5,5
712,Orelia,Davidavidovics,74953,general labour,5,5
713,Gabie,Allot,79953,kitchen,5,5
714,Haslett,Cable,84953,kitchen,5,5
715,Jay,Allibone,89953,kitchen,5,5
716,Heywood,Powles,94953,laundry,5,5
717,Mick,Nuscha,99953,kitchen,5,5
718,Thedric,Filson,104953,kitchen,5,5
719,Karrie,Fancutt,109953,laundry,5,5
720,Gerda,Murrock,114953,laundry,5,5
721,Bunni,Wythe,119953,laundry,5,5
722,Odetta,Sanbrooke,49952,laundry,5,5
723,Chan,Hamflett,54952,laundry,5,5
724,Tiffani,Lomis,59952,general labour,5,5
725,Elton,Benois,64952,kitchen,5,5
726,Alfonse,Espinay,69952,general labour,5,5
727,Arlie,Leahair,74952,laundry,5,5
728,Bram,Jinkins,79952,kitchen,5,5
729,Grange,Blazey,84952,general labour,5,5
730,Zondra,Dallmann,89952,laundry,5,5
731,Hilliary,Canape,94952,kitchen,5,5
732,Giacopo,Nials,99952,laundry,5,5
733,Courtnay,Vennard,104952,general labour,5,5
734,Analiese,Walkowski,109952,general labour,5,5
735,Edna,Andrzejowski,114952,laundry,5,5
736,Maisey,Morrall,119952,laundry,5,5
737,Darya,Rabbe,49951,laundry,5,5
738,Ursula,Bumpass,54951,laundry,5,5
739,Emmalynne,Hayward,59951,laundry,5,5
740,Roxie,Fayre,64951,kitchen,5,5
741,Elfrieda,Kynaston,69951,kitchen,5,5
742,Vonny,Thornley,74951,laundry,5,5
743,Pet,Iannitti,79951,laundry,5,5
744,Cleo,Corneille,84951,general labour,5,5
745,Philis,Chimienti,89951,kitchen,5,5
746,Andriana,Hayland,94951,kitchen,5,5
747,Kelsy,Harse,99951,laundry,5,5
748,Harrietta,Barwise,104951,kitchen,5,5
749,Arlena,Pasquale,109951,laundry,5,5
750,Shellysheldon,Anger,114951,kitchen,5,5
751,Wolfy,Berthomieu,119951,kitchen,5,5
752,Aurlie,Nuttall,49950,kitchen,5,5
753,Juan,Brave,54950,laundry,5,5
754,Gerta,Zannetti,59950,general labour,5,5
755,Edie,Trusty,64950,kitchen,5,5
756,Elbertina,Simonelli,69950,laundry,5,5
757,Kerr,Winny,74950,kitchen,5,5
758,Myrna,Beine,79950,general labour,5,5
759,Dulcea,Cavil,84950,kitchen,5,5
760,Bobbie,Banks,89950,kitchen,5,5
761,Jarrad,Stiebler,94950,laundry,5,5
762,Neda,Hummerston,99950,kitchen,5,5
763,Roman,Drysdale,104950,kitchen,5,5
764,Anthea,Cloy,109950,general labour,5,5
765,Karena,Roughley,114950,laundry,5,5
766,Reta,Kohen,119950,general labour,5,5
767,Malorie,Osment,49949,kitchen,5,5
768,Farly,Freschini,54949,kitchen,5,5
769,Liane,Robshaw,59949,general labour,5,5
770,Gaylord,Hovington,64949,laundry,5,5
771,Peder,Lippiello,69949,general labour,5,5
772,Fabien,Brimmicombe,74949,laundry,5,5
773,Salim,Jennions,79949,general labour,5,5
774,Reinaldos,Shillabeer,84949,kitchen,5,5
775,Carlie,Stote,89949,general labour,5,5
776,Karee,Dutt,94949,kitchen,5,5
777,Norrie,Moorhead,99949,general labour,5,5
778,Sebastiano,Heaysman,104949,general labour,5,5
779,Dwain,Harvison,109949,general labour,5,5
780,Ephrayim,Anderton,114949,general labour,5,5
781,Shelden,Dickinson,119949,general labour,5,5
782,Layton,Storry,49948,general labour,5,5
783,Dotty,Waple,54948,kitchen,5,5
784,Lorens,Tilliard,59948,general labour,5,5
785,Judah,Argent,64948,laundry,5,5
786,Cecily,Loos,69948,kitchen,5,5
787,Alard,Rhead,74948,laundry,5,5
788,Row,Dionis,79948,laundry,5,5
789,Emelen,Davidde,84948,laundry,5,5
790,Humberto,Curee,89948,general labour,5,5
791,Decca,Clapston,94948,general labour,5,5
792,Derby,Ridder,99948,general labour,5,5
793,Carlyle,Haggath,104948,kitchen,5,5
794,Fancie,Leathard,109948,kitchen,5,5
795,Wilmar,Tofanini,114948,laundry,5,5
796,Pernell,Labat,119948,general labour,5,5
797,Rosanne,Vasyuchov,49947,kitchen,5,5
798,Peggi,Fortnon,54947,general labour,5,5
799,Lulita,Brixham,59947,general labour,5,5
800,Almeda,Paydon,64947,kitchen,5,5
801,Lennie,Ketteman,45000,,0,0
802,Merrel,Sidgwick,50000,,0,0
803,Galven,Glanfield,55000,,0,0
804,Raine,Sarle,60000,,0,0
805,Rosemonde,Haskew,65000,,0,0
806,Merry,Rosendale,70000,,0,0
807,Kassi,Glasspool,75000,,0,0
808,Theodoric,Quaintance,80000,,0,0
809,Kandace,Featherstonhalgh,85000,,0,0
810,Charmian,Rudsdale,90000,,0,0
811,Felecia,Melia,95000,,0,0
812,Andee,Tosspell,100000,,0,0
813,Tiphani,Baldam,105000,,0,0
814,Joli,Andriessen,110000,,0,0
815,Ches,Levine,115000,,0,0
816,Westley,Huggett,120000,,0,0
817,Lek,Allman,49999,,0,0
818,Louisette,Tregenza,54999,,0,0
819,Alexandra,Mion,59999,,0,0
820,Etan,Kobierra,64999,,0,0
821,Filmer,Rathborne,69999,,0,0
822,Duncan,McGurk,74999,,0,0
823,Lurline,Scrivinor,79999,,0,0
824,Austine,Stendell,84999,,0,0
825,Ferdy,Cadore,89999,,0,0
826,Fey,Bollon,94999,,0,0
827,Hayward,Aarons,99999,,0,0
828,Jerry,Shorland,104999,,0,0
829,Marna,Maine,109999,,0,0
830,Toddy,Ogglebie,114999,,0,0
831,Georgianne,Chelsom,119999,,0,0
832,Pate,Hentzer,49998,,0,0
833,Claudian,Lambertini,54998,,0,0
834,Abbot,Cashmore,59998,,0,0
835,Willa,Devenport,64998,,0,0
836,Ursa,Mc Gorley,69998,,0,0
837,Chev,Illes,74998,,0,0
838,Ag,Tynnan,79998,,0,0
839,Helsa,Newtown,84998,,0,0
840,Beatrisa,Frondt,89998,,0,0
841,Nicki,Faire,94998,,0,0
842,Von,McAlester,99998,,0,0
843,Mathilde,Minter,104998,,0,0
844,Bari,Sallter,109998,,0,0
845,Lanita,Santer,114998,,0,0
846,Britt,Dewire,119998,,0,0
847,Cherie,MacShane,49997,,0,0
848,Rickie,Meece,54997,,0,0
849,Roxy,Lazare,59997,,0,0
850,Amaleta,Epelett,64997,,0,0
851,Alejandra,Blyth,69997,,0,0
852,Maxie,Chazette,74997,,0,0
853,Krisha,Troutbeck,79997,,0,0
854,Scott,Delahunt,84997,,0,0
855,Mercedes,Presswell,89997,,0,0
856,Rodger,Threadgill,94997,,0,0
857,Amberly,Thornton-Dewhirst,99997,,0,0
858,Peg,Stolworthy,104997,,0,0
859,Donall,Weippert,109997,,0,0
860,Madge,Punt,114997,,0,0
861,Meredeth,Mateev,119997,,0,0
862,Doralynne,Kinney,49996,,0,0
863,Seward,Rickaert,54996,,0,0
864,Kelvin,Denkel,59996,,0,0
865,Kristoforo,Kuna,64996,,0,0
866,Julius,McCullough,69996,,0,0
867,Elroy,Gibberd,74996,,0,0
868,Hillier,Coomes,79996,,0,0
869,Rhiamon,Treasure,84996,,0,0
870,Nyssa,Grebert,89996,,0,0
871,Irwin,Curbishley,94996,,0,0
872,Roobbie,Powner,99996,,0,0
873,Thatcher,Creavin,104996,,0,0
874,Stanly,Godwin,109996,,0,0
875,Harp,Barthod,114996,,0,0
876,Peta,Wilde,119996,,0,0
877,Adey,Dowtry,49995,,0,0
878,Benjie,Tomkiss,54995,,0,0
879,Candice,Castro,59995,,0,0
880,Kaitlin,Dominey,64995,,0,0
881,Caldwell,Doige,69995,,0,0
882,Deedee,Heppenspall,74995,,0,0
883,Mady,Brundall,79995,,0,0
884,Ken,Pitchers,84995,,0,0
885,Dawna,Prestedge,89995,,0,0
886,Marget,Ferrero,94995,,0,0
887,Lynette,Lennon,99995,,0,0
888,Bernie,Teulier,104995,,0,0
889,Weidar,Kennealy,109995,,0,0
890,Natale,Lofty,114995,,0,0
891,Geoff,Godard,119995,,0,0
892,Ginger,Lippitt,49994,,0,0
893,Gabie,Vasilyevski,54994,,0,0
894,Odessa,Philson,59994,,0,0
895,Bendicty,Redish,64994,,0,0
896,Rodrick,Lunbech,69994,,0,0
897,Elset,Coffey,74994,,0,0
898,Allen,Polly,79994,,0,0
899,Donny,Rizzetti,84994,,0,0
900,Vida,Keuneke,89994,,0,0
901,Dimitri,Taylo,94994,,0,0
902,Aldwin,Gowanson,99994,,0,0
903,Aubry,Iorns,104994,,0,0
904,Augusto,Balducci,109994,,0,0
905,Roth,Curton,114994,,0,0
906,Deana,Shepherdson,119994,,0,0
907,Wainwright,Coryndon,49993,,0,0
908,Heath,Edgeley,54993,,0,0
909,Nichole,Rake,59993,,0,0
910,Ron,Keniwell,64993,,0,0
911,Roxie,Kattenhorn,69993,,0,0
912,Bryant,Tweede,74993,,0,0
913,Fernande,Durrant,79993,,0,0
914,Osborn,Beany,84993,,0,0
915,Maddalena,Willoughway,89993,,0,0
916,Mag,Stoven,94993,,0,0
917,Mace,Cunney,99993,,0,0
918,Darwin,Edson,104993,,0,0
919,Lethia,Lorincz,109993,,0,0
920,Sylvester,Matus,114993,,0,0
921,Margy,Reville,119993,,0,0
922,Andreas,Alfonsetti,49992,,0,0
923,Curry,Kingsmill,54992,,0,0
924,Jamal,Duchatel,59992,,0,0
925,Sherilyn,Spincks,64992,,0,0
926,Tonye,Wippermann,69992,,0,0
927,Wash,Caudray,74992,,0,0
928,Meredithe,Batts,79992,,0,0
929,Valentina,Morstatt,84992,,0,0
930,Benito,Fever,89992,,0,0
931,Rowney,Whorf,94992,,0,0
932,Nannette,Loncaster,99992,,0,0
933,Tamma,Lea,104992,,0,0
934,Towney,Crichmer,109992,,0,0
935,Heidi,Strand,114992,,0,0
936,Waylen,Jewel,119992,,0,0
937,Liva,Stearley,49991,,0,0
938,Maurise,Boarleyson,54991,,0,0
939,Mischa,Ashleigh,59991,,0,0
940,Celie,Chatt,64991,,0,0
941,Boris,Kleszinski,69991,,0,0
942,Frederique,McLaine,74991,,0,0
943,Angelique,Allsup,79991,,0,0
944,Libbie,Bury,84991,,0,0
945,Caralie,Mylchreest,89991,,0,0
946,Roanna,Blastock,94991,,0,0
947,Rickie,Bodleigh,99991,,0,0
948,Lothaire,Fuzzard,104991,,0,0
949,Rock,Cattellion,109991,,0,0
950,Vinnie,Kalinowsky,114991,,0,0
951,Siusan,Jermin,119991,,0,0
952,Vivienne,Hosier,49990,,0,0
953,Gaultiero,MacAulay,54990,,0,0
954,Abran,Piggford,59990,,0,0
955,Barbabra,Eveleigh,64990,,0,0
956,Marris,Kasper,69990,,0,0
957,Geoffry,Izakovitz,74990,,0,0
958,Billie,Benitez,79990,,0,0
959,Jerry,Ousbie,84990,,0,0
960,Hastings,Ireson,89990,,0,0
961,Denis,Blizard,94990,,0,0
962,Rivkah,Ranklin,99990,,0,0
963,Joline,Webberley,104990,,0,0
964,Joshia,Dewes,109990,,0,0
965,Randy,Gillino,114990,,0,0
966,Carrie,Gianolo,119990,,0,0
967,Candice,Christall,49989,,0,0
968,Ellynn,Rawling,54989,,0,0
969,Casie,Stanfield,59989,,0,0
970,Karlik,Waylett,64989,,0,0
971,Nanette,Houlridge,69989,,0,0
972,Vanessa,Pennacci,74989,,0,0
973,Beaufort,Hinken,79989,,0,0
974,Francisco,Luckings,84989,,0,0
975,Mathe,Peinke,89989,,0,0
976,Sigrid,Stammirs,94989,,0,0
977,Willy,Cleen,99989,,0,0
978,Tito,O'Hoey,104989,,0,0
979,Tammie,Gheorghe,109989,,0,0
980,Brockie,Stopp,114989,,0,0
981,Cordie,Grishakov,119989,,0,0
982,Glory,Jeppe,49988,,0,0
983,Ludovico,Wearden,54988,,0,0
984,Noe,Pecht,59988,,0,0
985,Lin,Jillins,64988,,0,0
986,Aubry,Dunstone,69988,,0,0
987,Bard,Wase,74988,,0,0
988,Candy,Reany,79988,,0,0
989,Brandea,Boreland,84988,,0,0
990,Kirbie,Sacks,89988,,0,0
991,Noelle,Giorgielli,94988,,0,0
992,Dael,Vaud,99988,,0,0
993,Darcey,Doige,104988,,0,0
994,Grantley,Antonellini,109988,,0,0
995,Reinold,Misson,114988,,0,0
996,Cherry,Salzen,119988,,0,0
997,Janna,Lapley,49987,,0,0
998,Iormina,Spritt,54987,,0,0
999,Deonne,Sambiedge,59987,,0,0
1000,Hyman,Girardin,64987,,0,0
